"url","Rank","Country","Country_link","Index Score","Inner Glyph","Region","Population","Income","_url_input"
"https://www.ghsindex.org/#:~:text=The%20average%20overall%20GHS%20Index,and%20pandemics%20remains%20very%20weak.","1","United States","https://www.ghsindex.org/country/united-states","83.5","Chart / Circle Copy 223","Northern America","100m+","High income","https://www.ghsindex.org/#:~:text=The%20average%20overall%20GHS%20Index,and%20pandemics%20remains%20very%20weak."
"https://www.ghsindex.org/#:~:text=The%20average%20overall%20GHS%20Index,and%20pandemics%20remains%20very%20weak.","2","United Kingdom","https://www.ghsindex.org/country/united-kingdom","77.9","Chart / Circle Copy 223","Europe","50-100m","High income","https://www.ghsindex.org/#:~:text=The%20average%20overall%20GHS%20Index,and%20pandemics%20remains%20very%20weak."
"https://www.ghsindex.org/#:~:text=The%20average%20overall%20GHS%20Index,and%20pandemics%20remains%20very%20weak.","3","Netherlands","https://www.ghsindex.org/country/netherlands","75.6","Chart / Circle Copy 223","Europe","10-50m","High income","https://www.ghsindex.org/#:~:text=The%20average%20overall%20GHS%20Index,and%20pandemics%20remains%20very%20weak."
"https://www.ghsindex.org/#:~:text=The%20average%20overall%20GHS%20Index,and%20pandemics%20remains%20very%20weak.","4","Australia","https://www.ghsindex.org/country/australia","75.5","Chart / Circle Copy 223","Oceania","10-50m","High income","https://www.ghsindex.org/#:~:text=The%20average%20overall%20GHS%20Index,and%20pandemics%20remains%20very%20weak."
"https://www.ghsindex.org/#:~:text=The%20average%20overall%20GHS%20Index,and%20pandemics%20remains%20very%20weak.","5","Canada","https://www.ghsindex.org/country/canada","75.3","Chart / Circle Copy 223","Northern America","10-50m","High income","https://www.ghsindex.org/#:~:text=The%20average%20overall%20GHS%20Index,and%20pandemics%20remains%20very%20weak."
"https://www.ghsindex.org/#:~:text=The%20average%20overall%20GHS%20Index,and%20pandemics%20remains%20very%20weak.","6","Thailand","https://www.ghsindex.org/country/thailand","73.2","Chart / Circle Copy 223","Southeastern Asia","50-100m","Upper middle income","https://www.ghsindex.org/#:~:text=The%20average%20overall%20GHS%20Index,and%20pandemics%20remains%20very%20weak."
"https://www.ghsindex.org/#:~:text=The%20average%20overall%20GHS%20Index,and%20pandemics%20remains%20very%20weak.","7","Sweden","https://www.ghsindex.org/country/sweden","72.1","Chart / Circle Copy 223","Europe","1-10m","High income","https://www.ghsindex.org/#:~:text=The%20average%20overall%20GHS%20Index,and%20pandemics%20remains%20very%20weak."
"https://www.ghsindex.org/#:~:text=The%20average%20overall%20GHS%20Index,and%20pandemics%20remains%20very%20weak.","8","Denmark","https://www.ghsindex.org/country/denmark","70.4","Chart / Circle Copy 223","Europe","1-10m","High income","https://www.ghsindex.org/#:~:text=The%20average%20overall%20GHS%20Index,and%20pandemics%20remains%20very%20weak."
"https://www.ghsindex.org/#:~:text=The%20average%20overall%20GHS%20Index,and%20pandemics%20remains%20very%20weak.","9","South Korea","https://www.ghsindex.org/country/south-korea","70.2","Chart / Circle Copy 223","Eastern Asia","50-100m","High income","https://www.ghsindex.org/#:~:text=The%20average%20overall%20GHS%20Index,and%20pandemics%20remains%20very%20weak."
"https://www.ghsindex.org/#:~:text=The%20average%20overall%20GHS%20Index,and%20pandemics%20remains%20very%20weak.","10","Finland","https://www.ghsindex.org/country/finland","68.7","Chart / Circle Copy 223","Europe","1-10m","High income","https://www.ghsindex.org/#:~:text=The%20average%20overall%20GHS%20Index,and%20pandemics%20remains%20very%20weak."
"https://www.ghsindex.org/#:~:text=The%20average%20overall%20GHS%20Index,and%20pandemics%20remains%20very%20weak.","11","France","https://www.ghsindex.org/country/france","68.2","Chart / Circle Copy 223","Europe","50-100m","High income","https://www.ghsindex.org/#:~:text=The%20average%20overall%20GHS%20Index,and%20pandemics%20remains%20very%20weak."
"https://www.ghsindex.org/#:~:text=The%20average%20overall%20GHS%20Index,and%20pandemics%20remains%20very%20weak.","12","Slovenia","https://www.ghsindex.org/country/slovenia","67.2","Chart / Circle Copy 223","Europe","1-10m","High income","https://www.ghsindex.org/#:~:text=The%20average%20overall%20GHS%20Index,and%20pandemics%20remains%20very%20weak."
"https://www.ghsindex.org/#:~:text=The%20average%20overall%20GHS%20Index,and%20pandemics%20remains%20very%20weak.","13","Switzerland","https://www.ghsindex.org/country/switzerland","67.0","Chart / Circle Copy 223","Europe","1-10m","High income","https://www.ghsindex.org/#:~:text=The%20average%20overall%20GHS%20Index,and%20pandemics%20remains%20very%20weak."
"https://www.ghsindex.org/#:~:text=The%20average%20overall%20GHS%20Index,and%20pandemics%20remains%20very%20weak.","14","Germany","https://www.ghsindex.org/country/germany","66.0","Chart / Circle Copy 45","Europe","50-100m","High income","https://www.ghsindex.org/#:~:text=The%20average%20overall%20GHS%20Index,and%20pandemics%20remains%20very%20weak."
"https://www.ghsindex.org/#:~:text=The%20average%20overall%20GHS%20Index,and%20pandemics%20remains%20very%20weak.","15","Spain","https://www.ghsindex.org/country/spain","65.9","Chart / Circle Copy 45","Europe","10-50m","High income","https://www.ghsindex.org/#:~:text=The%20average%20overall%20GHS%20Index,and%20pandemics%20remains%20very%20weak."
"https://www.ghsindex.org/#:~:text=The%20average%20overall%20GHS%20Index,and%20pandemics%20remains%20very%20weak.","16","Norway","https://www.ghsindex.org/country/norway","64.6","Chart / Circle Copy 45","Europe","1-10m","High income","https://www.ghsindex.org/#:~:text=The%20average%20overall%20GHS%20Index,and%20pandemics%20remains%20very%20weak."
"https://www.ghsindex.org/#:~:text=The%20average%20overall%20GHS%20Index,and%20pandemics%20remains%20very%20weak.","17","Latvia","https://www.ghsindex.org/country/latvia","62.9","Chart / Circle Copy 45","Europe","1-10m","High income","https://www.ghsindex.org/#:~:text=The%20average%20overall%20GHS%20Index,and%20pandemics%20remains%20very%20weak."
"https://www.ghsindex.org/#:~:text=The%20average%20overall%20GHS%20Index,and%20pandemics%20remains%20very%20weak.","18","Malaysia","https://www.ghsindex.org/country/malaysia","62.2","Chart / Circle Copy 45","Southeastern Asia","10-50m","Upper middle income","https://www.ghsindex.org/#:~:text=The%20average%20overall%20GHS%20Index,and%20pandemics%20remains%20very%20weak."
"https://www.ghsindex.org/#:~:text=The%20average%20overall%20GHS%20Index,and%20pandemics%20remains%20very%20weak.","19","Belgium","https://www.ghsindex.org/country/belgium","61.0","Chart / Circle Copy 45","Europe","10-50m","High income","https://www.ghsindex.org/#:~:text=The%20average%20overall%20GHS%20Index,and%20pandemics%20remains%20very%20weak."
"https://www.ghsindex.org/#:~:text=The%20average%20overall%20GHS%20Index,and%20pandemics%20remains%20very%20weak.","20","Portugal","https://www.ghsindex.org/country/portugal","60.3","Chart / Circle Copy 45","Europe","10-50m","High income","https://www.ghsindex.org/#:~:text=The%20average%20overall%20GHS%20Index,and%20pandemics%20remains%20very%20weak."
"https://www.ghsindex.org/#:~:text=The%20average%20overall%20GHS%20Index,and%20pandemics%20remains%20very%20weak.","21","Japan","https://www.ghsindex.org/country/japan","59.8","Chart / Circle Copy 45","Eastern Asia","100m+","High income","https://www.ghsindex.org/#:~:text=The%20average%20overall%20GHS%20Index,and%20pandemics%20remains%20very%20weak."
"https://www.ghsindex.org/#:~:text=The%20average%20overall%20GHS%20Index,and%20pandemics%20remains%20very%20weak.","22","Brazil","https://www.ghsindex.org/country/brazil","59.7","Chart / Circle Copy 45","Latin America and the Caribbean","100m+","Upper middle income","https://www.ghsindex.org/#:~:text=The%20average%20overall%20GHS%20Index,and%20pandemics%20remains%20very%20weak."
"https://www.ghsindex.org/#:~:text=The%20average%20overall%20GHS%20Index,and%20pandemics%20remains%20very%20weak.","23","Ireland","https://www.ghsindex.org/country/ireland","59.0","Chart / Circle Copy 45","Europe","1-10m","High income","https://www.ghsindex.org/#:~:text=The%20average%20overall%20GHS%20Index,and%20pandemics%20remains%20very%20weak."
"https://www.ghsindex.org/#:~:text=The%20average%20overall%20GHS%20Index,and%20pandemics%20remains%20very%20weak.","24","Singapore","https://www.ghsindex.org/country/singapore","58.7","Chart / Circle Copy 45","Southeastern Asia","1-10m","High income","https://www.ghsindex.org/#:~:text=The%20average%20overall%20GHS%20Index,and%20pandemics%20remains%20very%20weak."
"https://www.ghsindex.org/#:~:text=The%20average%20overall%20GHS%20Index,and%20pandemics%20remains%20very%20weak.","25","Argentina","https://www.ghsindex.org/country/argentina","58.6","Chart / Circle Copy 45","Latin America and the Caribbean","10-50m","High income","https://www.ghsindex.org/#:~:text=The%20average%20overall%20GHS%20Index,and%20pandemics%20remains%20very%20weak."
"https://www.ghsindex.org/#:~:text=The%20average%20overall%20GHS%20Index,and%20pandemics%20remains%20very%20weak.","26","Austria","https://www.ghsindex.org/country/austria","58.5","Chart / Circle Copy 45","Europe","1-10m","High income","https://www.ghsindex.org/#:~:text=The%20average%20overall%20GHS%20Index,and%20pandemics%20remains%20very%20weak."
"https://www.ghsindex.org/#:~:text=The%20average%20overall%20GHS%20Index,and%20pandemics%20remains%20very%20weak.","27","Chile","https://www.ghsindex.org/country/chile","58.3","Chart / Circle Copy 45","Latin America and the Caribbean","10-50m","High income","https://www.ghsindex.org/#:~:text=The%20average%20overall%20GHS%20Index,and%20pandemics%20remains%20very%20weak."
"https://www.ghsindex.org/#:~:text=The%20average%20overall%20GHS%20Index,and%20pandemics%20remains%20very%20weak.","28","Mexico","https://www.ghsindex.org/country/mexico","57.6","Chart / Circle Copy 45","Latin America and the Caribbean","100m+","Upper middle income","https://www.ghsindex.org/#:~:text=The%20average%20overall%20GHS%20Index,and%20pandemics%20remains%20very%20weak."
"https://www.ghsindex.org/#:~:text=The%20average%20overall%20GHS%20Index,and%20pandemics%20remains%20very%20weak.","29","Estonia","https://www.ghsindex.org/country/estonia","57.0","Chart / Circle Copy 45","Europe","1-10m","High income","https://www.ghsindex.org/#:~:text=The%20average%20overall%20GHS%20Index,and%20pandemics%20remains%20very%20weak."
"https://www.ghsindex.org/#:~:text=The%20average%20overall%20GHS%20Index,and%20pandemics%20remains%20very%20weak.","30","Indonesia","https://www.ghsindex.org/country/indonesia","56.6","Chart / Circle Copy 45","Southeastern Asia","100m+","Lower middle income","https://www.ghsindex.org/#:~:text=The%20average%20overall%20GHS%20Index,and%20pandemics%20remains%20very%20weak."
"https://www.ghsindex.org/#:~:text=The%20average%20overall%20GHS%20Index,and%20pandemics%20remains%20very%20weak.","31","Italy","https://www.ghsindex.org/country/italy","56.2","Chart / Circle Copy 45","Europe","50-100m","High income","https://www.ghsindex.org/#:~:text=The%20average%20overall%20GHS%20Index,and%20pandemics%20remains%20very%20weak."
"https://www.ghsindex.org/#:~:text=The%20average%20overall%20GHS%20Index,and%20pandemics%20remains%20very%20weak.","32","Poland","https://www.ghsindex.org/country/poland","55.4","Chart / Circle Copy 45","Europe","10-50m","High income","https://www.ghsindex.org/#:~:text=The%20average%20overall%20GHS%20Index,and%20pandemics%20remains%20very%20weak."
"https://www.ghsindex.org/#:~:text=The%20average%20overall%20GHS%20Index,and%20pandemics%20remains%20very%20weak.","33","Lithuania","https://www.ghsindex.org/country/lithuania","55.0","Chart / Circle Copy 45","Europe","1-10m","High income","https://www.ghsindex.org/#:~:text=The%20average%20overall%20GHS%20Index,and%20pandemics%20remains%20very%20weak."
"https://www.ghsindex.org/#:~:text=The%20average%20overall%20GHS%20Index,and%20pandemics%20remains%20very%20weak.","34","South Africa","https://www.ghsindex.org/country/south-africa","54.8","Chart / Circle Copy 45","Africa","50-100m","Upper middle income","https://www.ghsindex.org/#:~:text=The%20average%20overall%20GHS%20Index,and%20pandemics%20remains%20very%20weak."
"https://www.ghsindex.org/#:~:text=The%20average%20overall%20GHS%20Index,and%20pandemics%20remains%20very%20weak.","35","Hungary","https://www.ghsindex.org/country/hungary","54.0","Chart / Circle Copy 45","Europe","1-10m","High income","https://www.ghsindex.org/#:~:text=The%20average%20overall%20GHS%20Index,and%20pandemics%20remains%20very%20weak."
"https://www.ghsindex.org/#:~:text=The%20average%20overall%20GHS%20Index,and%20pandemics%20remains%20very%20weak.","35","New Zealand","https://www.ghsindex.org/country/new-zealand","54.0","Chart / Circle Copy 45","Oceania","1-10m","High income","https://www.ghsindex.org/#:~:text=The%20average%20overall%20GHS%20Index,and%20pandemics%20remains%20very%20weak."
"https://www.ghsindex.org/#:~:text=The%20average%20overall%20GHS%20Index,and%20pandemics%20remains%20very%20weak.","37","Greece","https://www.ghsindex.org/country/greece","53.8","Chart / Circle Copy 45","Europe","10-50m","High income","https://www.ghsindex.org/#:~:text=The%20average%20overall%20GHS%20Index,and%20pandemics%20remains%20very%20weak."
"https://www.ghsindex.org/#:~:text=The%20average%20overall%20GHS%20Index,and%20pandemics%20remains%20very%20weak.","38","Croatia","https://www.ghsindex.org/country/croatia","53.3","Chart / Circle Copy 45","Europe","1-10m","High income","https://www.ghsindex.org/#:~:text=The%20average%20overall%20GHS%20Index,and%20pandemics%20remains%20very%20weak."
"https://www.ghsindex.org/#:~:text=The%20average%20overall%20GHS%20Index,and%20pandemics%20remains%20very%20weak.","39","Albania","https://www.ghsindex.org/country/albania","52.9","Chart / Circle Copy 45","Europe","1-10m","Upper middle income","https://www.ghsindex.org/#:~:text=The%20average%20overall%20GHS%20Index,and%20pandemics%20remains%20very%20weak."
"https://www.ghsindex.org/#:~:text=The%20average%20overall%20GHS%20Index,and%20pandemics%20remains%20very%20weak.","40","Turkey","https://www.ghsindex.org/country/turkey","52.4","Chart / Circle Copy 45","Western Asia","50-100m","Upper middle income","https://www.ghsindex.org/#:~:text=The%20average%20overall%20GHS%20Index,and%20pandemics%20remains%20very%20weak."
"https://www.ghsindex.org/#:~:text=The%20average%20overall%20GHS%20Index,and%20pandemics%20remains%20very%20weak.","41","Serbia","https://www.ghsindex.org/country/serbia","52.3","Chart / Circle Copy 45","Europe","1-10m","Upper middle income","https://www.ghsindex.org/#:~:text=The%20average%20overall%20GHS%20Index,and%20pandemics%20remains%20very%20weak."
"https://www.ghsindex.org/#:~:text=The%20average%20overall%20GHS%20Index,and%20pandemics%20remains%20very%20weak.","42","Czech Republic","https://www.ghsindex.org/country/czech-republic","52.0","Chart / Circle Copy 45","Europe","10-50m","High income","https://www.ghsindex.org/#:~:text=The%20average%20overall%20GHS%20Index,and%20pandemics%20remains%20very%20weak."
"https://www.ghsindex.org/#:~:text=The%20average%20overall%20GHS%20Index,and%20pandemics%20remains%20very%20weak.","42","Georgia","https://www.ghsindex.org/country/georgia","52.0","Chart / Circle Copy 45","Western Asia","1-10m","Lower middle income","https://www.ghsindex.org/#:~:text=The%20average%20overall%20GHS%20Index,and%20pandemics%20remains%20very%20weak."
"https://www.ghsindex.org/#:~:text=The%20average%20overall%20GHS%20Index,and%20pandemics%20remains%20very%20weak.","44","Armenia","https://www.ghsindex.org/country/armenia","50.2","Chart / Circle Copy 45","Western Asia","1-10m","Upper middle income","https://www.ghsindex.org/#:~:text=The%20average%20overall%20GHS%20Index,and%20pandemics%20remains%20very%20weak."
"https://www.ghsindex.org/#:~:text=The%20average%20overall%20GHS%20Index,and%20pandemics%20remains%20very%20weak.","45","Ecuador","https://www.ghsindex.org/country/ecuador","50.1","Chart / Circle Copy 45","Latin America and the Caribbean","10-50m","Upper middle income","https://www.ghsindex.org/#:~:text=The%20average%20overall%20GHS%20Index,and%20pandemics%20remains%20very%20weak."
"https://www.ghsindex.org/#:~:text=The%20average%20overall%20GHS%20Index,and%20pandemics%20remains%20very%20weak.","46","Mongolia","https://www.ghsindex.org/country/mongolia","49.5","Chart / Circle Copy 45","Eastern Asia","1-10m","Lower middle income","https://www.ghsindex.org/#:~:text=The%20average%20overall%20GHS%20Index,and%20pandemics%20remains%20very%20weak."
"https://www.ghsindex.org/#:~:text=The%20average%20overall%20GHS%20Index,and%20pandemics%20remains%20very%20weak.","47","Kyrgyz Republic","https://www.ghsindex.org/country/kyrgyz-republic","49.3","Chart / Circle Copy 45","Central Asia","1-10m","Lower middle income","https://www.ghsindex.org/#:~:text=The%20average%20overall%20GHS%20Index,and%20pandemics%20remains%20very%20weak."
"https://www.ghsindex.org/#:~:text=The%20average%20overall%20GHS%20Index,and%20pandemics%20remains%20very%20weak.","47","Saudi Arabia","https://www.ghsindex.org/country/saudi-arabia","49.3","Chart / Circle Copy 45","Western Asia","10-50m","High income","https://www.ghsindex.org/#:~:text=The%20average%20overall%20GHS%20Index,and%20pandemics%20remains%20very%20weak."
"https://www.ghsindex.org/#:~:text=The%20average%20overall%20GHS%20Index,and%20pandemics%20remains%20very%20weak.","49","Peru","https://www.ghsindex.org/country/peru","49.2","Chart / Circle Copy 45","Latin America and the Caribbean","10-50m","Upper middle income","https://www.ghsindex.org/#:~:text=The%20average%20overall%20GHS%20Index,and%20pandemics%20remains%20very%20weak."
"https://www.ghsindex.org/#:~:text=The%20average%20overall%20GHS%20Index,and%20pandemics%20remains%20very%20weak.","50","Vietnam","https://www.ghsindex.org/country/vietnam","49.1","Chart / Circle Copy 45","Southeastern Asia","50-100m","Lower middle income","https://www.ghsindex.org/#:~:text=The%20average%20overall%20GHS%20Index,and%20pandemics%20remains%20very%20weak."
"https://www.ghsindex.org/#:~:text=The%20average%20overall%20GHS%20Index,and%20pandemics%20remains%20very%20weak.","51","China","https://www.ghsindex.org/country/china","48.2","Chart / Circle Copy 45","Eastern Asia","100m+","Upper middle income","https://www.ghsindex.org/#:~:text=The%20average%20overall%20GHS%20Index,and%20pandemics%20remains%20very%20weak."
"https://www.ghsindex.org/#:~:text=The%20average%20overall%20GHS%20Index,and%20pandemics%20remains%20very%20weak.","52","Slovakia","https://www.ghsindex.org/country/slovakia","47.9","Chart / Circle Copy 45","Europe","1-10m","High income","https://www.ghsindex.org/#:~:text=The%20average%20overall%20GHS%20Index,and%20pandemics%20remains%20very%20weak."
"https://www.ghsindex.org/#:~:text=The%20average%20overall%20GHS%20Index,and%20pandemics%20remains%20very%20weak.","53","Philippines","https://www.ghsindex.org/country/philippines","47.6","Chart / Circle Copy 45","Southeastern Asia","100m+","Lower middle income","https://www.ghsindex.org/#:~:text=The%20average%20overall%20GHS%20Index,and%20pandemics%20remains%20very%20weak."
"https://www.ghsindex.org/#:~:text=The%20average%20overall%20GHS%20Index,and%20pandemics%20remains%20very%20weak.","54","Israel","https://www.ghsindex.org/country/israel","47.3","Chart / Circle Copy 45","Western Asia","1-10m","High income","https://www.ghsindex.org/#:~:text=The%20average%20overall%20GHS%20Index,and%20pandemics%20remains%20very%20weak."
"https://www.ghsindex.org/#:~:text=The%20average%20overall%20GHS%20Index,and%20pandemics%20remains%20very%20weak.","55","Kenya","https://www.ghsindex.org/country/kenya","47.1","Chart / Circle Copy 45","Africa","50-100m","Lower middle income","https://www.ghsindex.org/#:~:text=The%20average%20overall%20GHS%20Index,and%20pandemics%20remains%20very%20weak."
"https://www.ghsindex.org/#:~:text=The%20average%20overall%20GHS%20Index,and%20pandemics%20remains%20very%20weak.","56","United Arab Emirates","https://www.ghsindex.org/country/united-arab-emirates","46.7","Chart / Circle Copy 45","Western Asia","1-10m","High income","https://www.ghsindex.org/#:~:text=The%20average%20overall%20GHS%20Index,and%20pandemics%20remains%20very%20weak."
"https://www.ghsindex.org/#:~:text=The%20average%20overall%20GHS%20Index,and%20pandemics%20remains%20very%20weak.","57","India","https://www.ghsindex.org/country/india","46.5","Chart / Circle Copy 45","Southern Asia","100m+","Lower middle income","https://www.ghsindex.org/#:~:text=The%20average%20overall%20GHS%20Index,and%20pandemics%20remains%20very%20weak."
"https://www.ghsindex.org/#:~:text=The%20average%20overall%20GHS%20Index,and%20pandemics%20remains%20very%20weak.","58","Iceland","https://www.ghsindex.org/country/iceland","46.3","Chart / Circle Copy 45","Europe","<1m","High income","https://www.ghsindex.org/#:~:text=The%20average%20overall%20GHS%20Index,and%20pandemics%20remains%20very%20weak."
"https://www.ghsindex.org/#:~:text=The%20average%20overall%20GHS%20Index,and%20pandemics%20remains%20very%20weak.","59","Kuwait","https://www.ghsindex.org/country/kuwait","46.1","Chart / Circle Copy 45","Western Asia","1-10m","High income","https://www.ghsindex.org/#:~:text=The%20average%20overall%20GHS%20Index,and%20pandemics%20remains%20very%20weak."
"https://www.ghsindex.org/#:~:text=The%20average%20overall%20GHS%20Index,and%20pandemics%20remains%20very%20weak.","60","Romania","https://www.ghsindex.org/country/romania","45.8","Chart / Circle Copy 45","Europe","10-50m","Upper middle income","https://www.ghsindex.org/#:~:text=The%20average%20overall%20GHS%20Index,and%20pandemics%20remains%20very%20weak."
"https://www.ghsindex.org/#:~:text=The%20average%20overall%20GHS%20Index,and%20pandemics%20remains%20very%20weak.","61","Bulgaria","https://www.ghsindex.org/country/bulgaria","45.6","Chart / Circle Copy 45","Europe","1-10m","Upper middle income","https://www.ghsindex.org/#:~:text=The%20average%20overall%20GHS%20Index,and%20pandemics%20remains%20very%20weak."
"https://www.ghsindex.org/#:~:text=The%20average%20overall%20GHS%20Index,and%20pandemics%20remains%20very%20weak.","62","Costa Rica","https://www.ghsindex.org/country/costa-rica","45.1","Chart / Circle Copy 45","Latin America and the Caribbean","1-10m","Upper middle income","https://www.ghsindex.org/#:~:text=The%20average%20overall%20GHS%20Index,and%20pandemics%20remains%20very%20weak."
"https://www.ghsindex.org/#:~:text=The%20average%20overall%20GHS%20Index,and%20pandemics%20remains%20very%20weak.","63","Russia","https://www.ghsindex.org/country/russia","44.3","Chart / Circle Copy 45","Europe","100m+","Upper middle income","https://www.ghsindex.org/#:~:text=The%20average%20overall%20GHS%20Index,and%20pandemics%20remains%20very%20weak."
"https://www.ghsindex.org/#:~:text=The%20average%20overall%20GHS%20Index,and%20pandemics%20remains%20very%20weak.","63","Uganda","https://www.ghsindex.org/country/uganda","44.3","Chart / Circle Copy 45","Africa","10-50m","Low income","https://www.ghsindex.org/#:~:text=The%20average%20overall%20GHS%20Index,and%20pandemics%20remains%20very%20weak."
"https://www.ghsindex.org/#:~:text=The%20average%20overall%20GHS%20Index,and%20pandemics%20remains%20very%20weak.","65","Colombia","https://www.ghsindex.org/country/colombia","44.2","Chart / Circle Copy 45","Latin America and the Caribbean","10-50m","Upper middle income","https://www.ghsindex.org/#:~:text=The%20average%20overall%20GHS%20Index,and%20pandemics%20remains%20very%20weak."
"https://www.ghsindex.org/#:~:text=The%20average%20overall%20GHS%20Index,and%20pandemics%20remains%20very%20weak.","65","El Salvador","https://www.ghsindex.org/country/el-salvador","44.2","Chart / Circle Copy 45","Latin America and the Caribbean","1-10m","Lower middle income","https://www.ghsindex.org/#:~:text=The%20average%20overall%20GHS%20Index,and%20pandemics%20remains%20very%20weak."
"https://www.ghsindex.org/#:~:text=The%20average%20overall%20GHS%20Index,and%20pandemics%20remains%20very%20weak.","67","Luxembourg","https://www.ghsindex.org/country/luxembourg","43.8","Chart / Circle Copy 45","Europe","<1m","High income","https://www.ghsindex.org/#:~:text=The%20average%20overall%20GHS%20Index,and%20pandemics%20remains%20very%20weak."
"https://www.ghsindex.org/#:~:text=The%20average%20overall%20GHS%20Index,and%20pandemics%20remains%20very%20weak.","68","Montenegro","https://www.ghsindex.org/country/montenegro","43.7","Chart / Circle Copy 45","Europe","<1m","Upper middle income","https://www.ghsindex.org/#:~:text=The%20average%20overall%20GHS%20Index,and%20pandemics%20remains%20very%20weak."
"https://www.ghsindex.org/#:~:text=The%20average%20overall%20GHS%20Index,and%20pandemics%20remains%20very%20weak.","68","Morocco","https://www.ghsindex.org/country/morocco","43.7","Chart / Circle Copy 45","Africa","10-50m","Lower middle income","https://www.ghsindex.org/#:~:text=The%20average%20overall%20GHS%20Index,and%20pandemics%20remains%20very%20weak."
"https://www.ghsindex.org/#:~:text=The%20average%20overall%20GHS%20Index,and%20pandemics%20remains%20very%20weak.","68","Panama","https://www.ghsindex.org/country/panama","43.7","Chart / Circle Copy 45","Latin America and the Caribbean","1-10m","High income","https://www.ghsindex.org/#:~:text=The%20average%20overall%20GHS%20Index,and%20pandemics%20remains%20very%20weak."
"https://www.ghsindex.org/#:~:text=The%20average%20overall%20GHS%20Index,and%20pandemics%20remains%20very%20weak.","71","Liechtenstein","https://www.ghsindex.org/country/liechtenstein","43.5","Chart / Circle Copy 45","Europe","<1m","High income","https://www.ghsindex.org/#:~:text=The%20average%20overall%20GHS%20Index,and%20pandemics%20remains%20very%20weak."
"https://www.ghsindex.org/#:~:text=The%20average%20overall%20GHS%20Index,and%20pandemics%20remains%20very%20weak.","72","Myanmar","https://www.ghsindex.org/country/myanmar","43.4","Chart / Circle Copy 45","Southeastern Asia","50-100m","Lower middle income","https://www.ghsindex.org/#:~:text=The%20average%20overall%20GHS%20Index,and%20pandemics%20remains%20very%20weak."
"https://www.ghsindex.org/#:~:text=The%20average%20overall%20GHS%20Index,and%20pandemics%20remains%20very%20weak.","73","Laos","https://www.ghsindex.org/country/laos","43.1","Chart / Circle Copy 45","Southeastern Asia","1-10m","Lower middle income","https://www.ghsindex.org/#:~:text=The%20average%20overall%20GHS%20Index,and%20pandemics%20remains%20very%20weak."
"https://www.ghsindex.org/#:~:text=The%20average%20overall%20GHS%20Index,and%20pandemics%20remains%20very%20weak.","73","Lebanon","https://www.ghsindex.org/country/lebanon","43.1","Chart / Circle Copy 45","Western Asia","1-10m","Upper middle income","https://www.ghsindex.org/#:~:text=The%20average%20overall%20GHS%20Index,and%20pandemics%20remains%20very%20weak."
"https://www.ghsindex.org/#:~:text=The%20average%20overall%20GHS%20Index,and%20pandemics%20remains%20very%20weak.","73","Nicaragua","https://www.ghsindex.org/country/nicaragua","43.1","Chart / Circle Copy 45","Latin America and the Caribbean","1-10m","Lower middle income","https://www.ghsindex.org/#:~:text=The%20average%20overall%20GHS%20Index,and%20pandemics%20remains%20very%20weak."
"https://www.ghsindex.org/#:~:text=The%20average%20overall%20GHS%20Index,and%20pandemics%20remains%20very%20weak.","73","Oman","https://www.ghsindex.org/country/oman","43.1","Chart / Circle Copy 45","Western Asia","1-10m","High income","https://www.ghsindex.org/#:~:text=The%20average%20overall%20GHS%20Index,and%20pandemics%20remains%20very%20weak."
"https://www.ghsindex.org/#:~:text=The%20average%20overall%20GHS%20Index,and%20pandemics%20remains%20very%20weak.","77","Cyprus","https://www.ghsindex.org/country/cyprus","43.0","Chart / Circle Copy 45","Western Asia","<1m","High income","https://www.ghsindex.org/#:~:text=The%20average%20overall%20GHS%20Index,and%20pandemics%20remains%20very%20weak."
"https://www.ghsindex.org/#:~:text=The%20average%20overall%20GHS%20Index,and%20pandemics%20remains%20very%20weak.","78","Moldova","https://www.ghsindex.org/country/moldova","42.9","Chart / Circle Copy 45","Europe","1-10m","Lower middle income","https://www.ghsindex.org/#:~:text=The%20average%20overall%20GHS%20Index,and%20pandemics%20remains%20very%20weak."
"https://www.ghsindex.org/#:~:text=The%20average%20overall%20GHS%20Index,and%20pandemics%20remains%20very%20weak.","79","Bosnia and Herzegovina","https://www.ghsindex.org/country/bosnia-and-herzegovina","42.8","Chart / Circle Copy 45","Europe","1-10m","Upper middle income","https://www.ghsindex.org/#:~:text=The%20average%20overall%20GHS%20Index,and%20pandemics%20remains%20very%20weak."
"https://www.ghsindex.org/#:~:text=The%20average%20overall%20GHS%20Index,and%20pandemics%20remains%20very%20weak.","80","Jordan","https://www.ghsindex.org/country/jordan","42.1","Chart / Circle Copy 45","Western Asia","10-50m","Upper middle income","https://www.ghsindex.org/#:~:text=The%20average%20overall%20GHS%20Index,and%20pandemics%20remains%20very%20weak."
"https://www.ghsindex.org/#:~:text=The%20average%20overall%20GHS%20Index,and%20pandemics%20remains%20very%20weak.","81","Uruguay","https://www.ghsindex.org/country/uruguay","41.3","Chart / Circle Copy 45","Latin America and the Caribbean","1-10m","High income","https://www.ghsindex.org/#:~:text=The%20average%20overall%20GHS%20Index,and%20pandemics%20remains%20very%20weak."
"https://www.ghsindex.org/#:~:text=The%20average%20overall%20GHS%20Index,and%20pandemics%20remains%20very%20weak.","82","Qatar","https://www.ghsindex.org/country/qatar","41.2","Chart / Circle Copy 45","Western Asia","1-10m","High income","https://www.ghsindex.org/#:~:text=The%20average%20overall%20GHS%20Index,and%20pandemics%20remains%20very%20weak."
"https://www.ghsindex.org/#:~:text=The%20average%20overall%20GHS%20Index,and%20pandemics%20remains%20very%20weak.","83","Kazakhstan","https://www.ghsindex.org/country/kazakhstan","40.7","Chart / Circle Copy 45","Central Asia","10-50m","Upper middle income","https://www.ghsindex.org/#:~:text=The%20average%20overall%20GHS%20Index,and%20pandemics%20remains%20very%20weak."
"https://www.ghsindex.org/#:~:text=The%20average%20overall%20GHS%20Index,and%20pandemics%20remains%20very%20weak.","84","Ethiopia","https://www.ghsindex.org/country/ethiopia","40.6","Chart / Circle Copy 45","Africa","100m+","Low income","https://www.ghsindex.org/#:~:text=The%20average%20overall%20GHS%20Index,and%20pandemics%20remains%20very%20weak."
"https://www.ghsindex.org/#:~:text=The%20average%20overall%20GHS%20Index,and%20pandemics%20remains%20very%20weak.","85","Bhutan","https://www.ghsindex.org/country/bhutan","40.3","Chart / Circle Copy 45","Southern Asia","<1m","Lower middle income","https://www.ghsindex.org/#:~:text=The%20average%20overall%20GHS%20Index,and%20pandemics%20remains%20very%20weak."
"https://www.ghsindex.org/#:~:text=The%20average%20overall%20GHS%20Index,and%20pandemics%20remains%20very%20weak.","86","Madagascar","https://www.ghsindex.org/country/madagascar","40.1","Chart / Circle Copy 45","Africa","10-50m","Low income","https://www.ghsindex.org/#:~:text=The%20average%20overall%20GHS%20Index,and%20pandemics%20remains%20very%20weak."
"https://www.ghsindex.org/#:~:text=The%20average%20overall%20GHS%20Index,and%20pandemics%20remains%20very%20weak.","87","Egypt","https://www.ghsindex.org/country/egypt","39.9","Chart / Circle Copy 45","Africa","50-100m","Lower middle income","https://www.ghsindex.org/#:~:text=The%20average%20overall%20GHS%20Index,and%20pandemics%20remains%20very%20weak."
"https://www.ghsindex.org/#:~:text=The%20average%20overall%20GHS%20Index,and%20pandemics%20remains%20very%20weak.","88","Bahrain","https://www.ghsindex.org/country/bahrain","39.4","Chart / Circle Copy 45","Western Asia","1-10m","High income","https://www.ghsindex.org/#:~:text=The%20average%20overall%20GHS%20Index,and%20pandemics%20remains%20very%20weak."
"https://www.ghsindex.org/#:~:text=The%20average%20overall%20GHS%20Index,and%20pandemics%20remains%20very%20weak.","89","Cambodia","https://www.ghsindex.org/country/cambodia","39.2","Chart / Circle Copy 45","Southeastern Asia","10-50m","Lower middle income","https://www.ghsindex.org/#:~:text=The%20average%20overall%20GHS%20Index,and%20pandemics%20remains%20very%20weak."
"https://www.ghsindex.org/#:~:text=The%20average%20overall%20GHS%20Index,and%20pandemics%20remains%20very%20weak.","90","North Macedonia","https://www.ghsindex.org/country/north-macedonia","39.1","Chart / Circle Copy 45","Europe","1-10m","Upper middle income","https://www.ghsindex.org/#:~:text=The%20average%20overall%20GHS%20Index,and%20pandemics%20remains%20very%20weak."
"https://www.ghsindex.org/#:~:text=The%20average%20overall%20GHS%20Index,and%20pandemics%20remains%20very%20weak.","91","Dominican Republic","https://www.ghsindex.org/country/dominican-republic","38.3","Chart / Circle Copy 45","Latin America and the Caribbean","10-50m","Upper middle income","https://www.ghsindex.org/#:~:text=The%20average%20overall%20GHS%20Index,and%20pandemics%20remains%20very%20weak."
"https://www.ghsindex.org/#:~:text=The%20average%20overall%20GHS%20Index,and%20pandemics%20remains%20very%20weak.","92","Sierra Leone","https://www.ghsindex.org/country/sierra-leone","38.2","Chart / Circle Copy 45","Africa","1-10m","Low income","https://www.ghsindex.org/#:~:text=The%20average%20overall%20GHS%20Index,and%20pandemics%20remains%20very%20weak."
"https://www.ghsindex.org/#:~:text=The%20average%20overall%20GHS%20Index,and%20pandemics%20remains%20very%20weak.","92","Zimbabwe","https://www.ghsindex.org/country/zimbabwe","38.2","Chart / Circle Copy 45","Africa","10-50m","Low income","https://www.ghsindex.org/#:~:text=The%20average%20overall%20GHS%20Index,and%20pandemics%20remains%20very%20weak."
"https://www.ghsindex.org/#:~:text=The%20average%20overall%20GHS%20Index,and%20pandemics%20remains%20very%20weak.","94","Ukraine","https://www.ghsindex.org/country/ukraine","38.0","Chart / Circle Copy 45","Europe","10-50m","Lower middle income","https://www.ghsindex.org/#:~:text=The%20average%20overall%20GHS%20Index,and%20pandemics%20remains%20very%20weak."
"https://www.ghsindex.org/#:~:text=The%20average%20overall%20GHS%20Index,and%20pandemics%20remains%20very%20weak.","95","Senegal","https://www.ghsindex.org/country/senegal","37.9","Chart / Circle Copy 45","Africa","10-50m","Low income","https://www.ghsindex.org/#:~:text=The%20average%20overall%20GHS%20Index,and%20pandemics%20remains%20very%20weak."
"https://www.ghsindex.org/#:~:text=The%20average%20overall%20GHS%20Index,and%20pandemics%20remains%20very%20weak.","96","Nigeria","https://www.ghsindex.org/country/nigeria","37.8","Chart / Circle Copy 45","Africa","100m+","Lower middle income","https://www.ghsindex.org/#:~:text=The%20average%20overall%20GHS%20Index,and%20pandemics%20remains%20very%20weak."
"https://www.ghsindex.org/#:~:text=The%20average%20overall%20GHS%20Index,and%20pandemics%20remains%20very%20weak.","97","Iran","https://www.ghsindex.org/country/iran","37.7","Chart / Circle Copy 45","Southern Asia","50-100m","Upper middle income","https://www.ghsindex.org/#:~:text=The%20average%20overall%20GHS%20Index,and%20pandemics%20remains%20very%20weak."
"https://www.ghsindex.org/#:~:text=The%20average%20overall%20GHS%20Index,and%20pandemics%20remains%20very%20weak.","98","Malta","https://www.ghsindex.org/country/malta","37.3","Chart / Circle Copy 45","Europe","<1m","High income","https://www.ghsindex.org/#:~:text=The%20average%20overall%20GHS%20Index,and%20pandemics%20remains%20very%20weak."
"https://www.ghsindex.org/#:~:text=The%20average%20overall%20GHS%20Index,and%20pandemics%20remains%20very%20weak.","99","Trinidad and Tobago","https://www.ghsindex.org/country/trinidad-and-tobago","36.6","Chart / Circle Copy 45","Latin America and the Caribbean","1-10m","High income","https://www.ghsindex.org/#:~:text=The%20average%20overall%20GHS%20Index,and%20pandemics%20remains%20very%20weak."
"https://www.ghsindex.org/#:~:text=The%20average%20overall%20GHS%20Index,and%20pandemics%20remains%20very%20weak.","100","Suriname","https://www.ghsindex.org/country/suriname","36.5","Chart / Circle Copy 45","Latin America and the Caribbean","<1m","Upper middle income","https://www.ghsindex.org/#:~:text=The%20average%20overall%20GHS%20Index,and%20pandemics%20remains%20very%20weak."
"https://www.ghsindex.org/#:~:text=The%20average%20overall%20GHS%20Index,and%20pandemics%20remains%20very%20weak.","101","Tanzania","https://www.ghsindex.org/country/tanzania","36.4","Chart / Circle Copy 45","Africa","50-100m","Low income","https://www.ghsindex.org/#:~:text=The%20average%20overall%20GHS%20Index,and%20pandemics%20remains%20very%20weak."
"https://www.ghsindex.org/#:~:text=The%20average%20overall%20GHS%20Index,and%20pandemics%20remains%20very%20weak.","102","Bolivia","https://www.ghsindex.org/country/bolivia","35.8","Chart / Circle Copy 45","Latin America and the Caribbean","10-50m","Lower middle income","https://www.ghsindex.org/#:~:text=The%20average%20overall%20GHS%20Index,and%20pandemics%20remains%20very%20weak."
"https://www.ghsindex.org/#:~:text=The%20average%20overall%20GHS%20Index,and%20pandemics%20remains%20very%20weak.","103","Paraguay","https://www.ghsindex.org/country/paraguay","35.7","Chart / Circle Copy 45","Latin America and the Caribbean","1-10m","Upper middle income","https://www.ghsindex.org/#:~:text=The%20average%20overall%20GHS%20Index,and%20pandemics%20remains%20very%20weak."
"https://www.ghsindex.org/#:~:text=The%20average%20overall%20GHS%20Index,and%20pandemics%20remains%20very%20weak.","104","Namibia","https://www.ghsindex.org/country/namibia","35.6","Chart / Circle Copy 45","Africa","1-10m","Upper middle income","https://www.ghsindex.org/#:~:text=The%20average%20overall%20GHS%20Index,and%20pandemics%20remains%20very%20weak."
"https://www.ghsindex.org/#:~:text=The%20average%20overall%20GHS%20Index,and%20pandemics%20remains%20very%20weak.","105","Côte d’Ivoire","https://www.ghsindex.org/country/cote-divoire","35.5","Chart / Circle Copy 45","Africa","10-50m","Lower middle income","https://www.ghsindex.org/#:~:text=The%20average%20overall%20GHS%20Index,and%20pandemics%20remains%20very%20weak."
"https://www.ghsindex.org/#:~:text=The%20average%20overall%20GHS%20Index,and%20pandemics%20remains%20very%20weak.","105","Ghana","https://www.ghsindex.org/country/ghana","35.5","Chart / Circle Copy 45","Africa","10-50m","Lower middle income","https://www.ghsindex.org/#:~:text=The%20average%20overall%20GHS%20Index,and%20pandemics%20remains%20very%20weak."
"https://www.ghsindex.org/#:~:text=The%20average%20overall%20GHS%20Index,and%20pandemics%20remains%20very%20weak.","105","Pakistan","https://www.ghsindex.org/country/pakistan","35.5","Chart / Circle Copy 45","Southern Asia","100m+","Lower middle income","https://www.ghsindex.org/#:~:text=The%20average%20overall%20GHS%20Index,and%20pandemics%20remains%20very%20weak."
"https://www.ghsindex.org/#:~:text=The%20average%20overall%20GHS%20Index,and%20pandemics%20remains%20very%20weak.","108","Belarus","https://www.ghsindex.org/country/belarus","35.3","Chart / Circle Copy 45","Europe","1-10m","Upper middle income","https://www.ghsindex.org/#:~:text=The%20average%20overall%20GHS%20Index,and%20pandemics%20remains%20very%20weak."
"https://www.ghsindex.org/#:~:text=The%20average%20overall%20GHS%20Index,and%20pandemics%20remains%20very%20weak.","108","St Lucia","https://www.ghsindex.org/country/st-lucia","35.3","Chart / Circle Copy 45","Latin America and the Caribbean","<1m","Upper middle income","https://www.ghsindex.org/#:~:text=The%20average%20overall%20GHS%20Index,and%20pandemics%20remains%20very%20weak."
"https://www.ghsindex.org/#:~:text=The%20average%20overall%20GHS%20Index,and%20pandemics%20remains%20very%20weak.","110","Cuba","https://www.ghsindex.org/country/cuba","35.2","Chart / Circle Copy 45","Latin America and the Caribbean","10-50m","Upper middle income","https://www.ghsindex.org/#:~:text=The%20average%20overall%20GHS%20Index,and%20pandemics%20remains%20very%20weak."
"https://www.ghsindex.org/#:~:text=The%20average%20overall%20GHS%20Index,and%20pandemics%20remains%20very%20weak.","111","Liberia","https://www.ghsindex.org/country/liberia","35.1","Chart / Circle Copy 45","Africa","1-10m","Low income","https://www.ghsindex.org/#:~:text=The%20average%20overall%20GHS%20Index,and%20pandemics%20remains%20very%20weak."
"https://www.ghsindex.org/#:~:text=The%20average%20overall%20GHS%20Index,and%20pandemics%20remains%20very%20weak.","111","Nepal","https://www.ghsindex.org/country/nepal","35.1","Chart / Circle Copy 45","Southern Asia","10-50m","Low income","https://www.ghsindex.org/#:~:text=The%20average%20overall%20GHS%20Index,and%20pandemics%20remains%20very%20weak."
"https://www.ghsindex.org/#:~:text=The%20average%20overall%20GHS%20Index,and%20pandemics%20remains%20very%20weak.","113","Bangladesh","https://www.ghsindex.org/country/bangladesh","35.0","Chart / Circle Copy 45","Southern Asia","100m+","Lower middle income","https://www.ghsindex.org/#:~:text=The%20average%20overall%20GHS%20Index,and%20pandemics%20remains%20very%20weak."
"https://www.ghsindex.org/#:~:text=The%20average%20overall%20GHS%20Index,and%20pandemics%20remains%20very%20weak.","114","Mauritius","https://www.ghsindex.org/country/mauritius","34.9","Chart / Circle Copy 45","Africa","1-10m","Upper middle income","https://www.ghsindex.org/#:~:text=The%20average%20overall%20GHS%20Index,and%20pandemics%20remains%20very%20weak."
"https://www.ghsindex.org/#:~:text=The%20average%20overall%20GHS%20Index,and%20pandemics%20remains%20very%20weak.","115","Cameroon","https://www.ghsindex.org/country/cameroon","34.4","Chart / Circle Copy 45","Africa","10-50m","Lower middle income","https://www.ghsindex.org/#:~:text=The%20average%20overall%20GHS%20Index,and%20pandemics%20remains%20very%20weak."
"https://www.ghsindex.org/#:~:text=The%20average%20overall%20GHS%20Index,and%20pandemics%20remains%20very%20weak.","116","Uzbekistan","https://www.ghsindex.org/country/uzbekistan","34.3","Chart / Circle Copy 45","Central Asia","10-50m","Lower middle income","https://www.ghsindex.org/#:~:text=The%20average%20overall%20GHS%20Index,and%20pandemics%20remains%20very%20weak."
"https://www.ghsindex.org/#:~:text=The%20average%20overall%20GHS%20Index,and%20pandemics%20remains%20very%20weak.","117","Azerbaijan","https://www.ghsindex.org/country/azerbaijan","34.2","Chart / Circle Copy 45","Western Asia","1-10m","Upper middle income","https://www.ghsindex.org/#:~:text=The%20average%20overall%20GHS%20Index,and%20pandemics%20remains%20very%20weak."
"https://www.ghsindex.org/#:~:text=The%20average%20overall%20GHS%20Index,and%20pandemics%20remains%20very%20weak.","117","Gambia","https://www.ghsindex.org/country/gambia","34.2","Chart / Circle Copy 45","Africa","1-10m","Low income","https://www.ghsindex.org/#:~:text=The%20average%20overall%20GHS%20Index,and%20pandemics%20remains%20very%20weak."
"https://www.ghsindex.org/#:~:text=The%20average%20overall%20GHS%20Index,and%20pandemics%20remains%20very%20weak.","117","Rwanda","https://www.ghsindex.org/country/rwanda","34.2","Chart / Circle Copy 45","Africa","10-50m","Low income","https://www.ghsindex.org/#:~:text=The%20average%20overall%20GHS%20Index,and%20pandemics%20remains%20very%20weak."
"https://www.ghsindex.org/#:~:text=The%20average%20overall%20GHS%20Index,and%20pandemics%20remains%20very%20weak.","120","Sri Lanka","https://www.ghsindex.org/country/sri-lanka","33.9","Chart / Circle Copy 45","Southern Asia","10-50m","Lower middle income","https://www.ghsindex.org/#:~:text=The%20average%20overall%20GHS%20Index,and%20pandemics%20remains%20very%20weak."
"https://www.ghsindex.org/#:~:text=The%20average%20overall%20GHS%20Index,and%20pandemics%20remains%20very%20weak.","121","Maldives","https://www.ghsindex.org/country/maldives","33.8","Chart / Circle Copy 45","Southern Asia","<1m","Upper middle income","https://www.ghsindex.org/#:~:text=The%20average%20overall%20GHS%20Index,and%20pandemics%20remains%20very%20weak."
"https://www.ghsindex.org/#:~:text=The%20average%20overall%20GHS%20Index,and%20pandemics%20remains%20very%20weak.","122","Tunisia","https://www.ghsindex.org/country/tunisia","33.7","Chart / Circle Copy 45","Africa","10-50m","Lower middle income","https://www.ghsindex.org/#:~:text=The%20average%20overall%20GHS%20Index,and%20pandemics%20remains%20very%20weak."
"https://www.ghsindex.org/#:~:text=The%20average%20overall%20GHS%20Index,and%20pandemics%20remains%20very%20weak.","123","St Vincent and The Grenadines","https://www.ghsindex.org/country/st-vincent-and-the-grenadines","33.0","Chart / Circle Copy 32","Latin America and the Caribbean","<1m","Upper middle income","https://www.ghsindex.org/#:~:text=The%20average%20overall%20GHS%20Index,and%20pandemics%20remains%20very%20weak."
"https://www.ghsindex.org/#:~:text=The%20average%20overall%20GHS%20Index,and%20pandemics%20remains%20very%20weak.","124","Micronesia","https://www.ghsindex.org/country/micronesia","32.8","Chart / Circle Copy 32","Oceania","<1m","Lower middle income","https://www.ghsindex.org/#:~:text=The%20average%20overall%20GHS%20Index,and%20pandemics%20remains%20very%20weak."
"https://www.ghsindex.org/#:~:text=The%20average%20overall%20GHS%20Index,and%20pandemics%20remains%20very%20weak.","125","Guatemala","https://www.ghsindex.org/country/guatemala","32.7","Chart / Circle Copy 32","Latin America and the Caribbean","10-50m","Upper middle income","https://www.ghsindex.org/#:~:text=The%20average%20overall%20GHS%20Index,and%20pandemics%20remains%20very%20weak."
"https://www.ghsindex.org/#:~:text=The%20average%20overall%20GHS%20Index,and%20pandemics%20remains%20very%20weak.","125","Guinea","https://www.ghsindex.org/country/guinea","32.7","Chart / Circle Copy 32","Africa","10-50m","Low income","https://www.ghsindex.org/#:~:text=The%20average%20overall%20GHS%20Index,and%20pandemics%20remains%20very%20weak."
"https://www.ghsindex.org/#:~:text=The%20average%20overall%20GHS%20Index,and%20pandemics%20remains%20very%20weak.","125","Monaco","https://www.ghsindex.org/country/monaco","32.7","Chart / Circle Copy 32","Europe","<1m","High income","https://www.ghsindex.org/#:~:text=The%20average%20overall%20GHS%20Index,and%20pandemics%20remains%20very%20weak."
"https://www.ghsindex.org/#:~:text=The%20average%20overall%20GHS%20Index,and%20pandemics%20remains%20very%20weak.","128","Brunei","https://www.ghsindex.org/country/brunei","32.6","Chart / Circle Copy 32","Southeastern Asia","<1m","High income","https://www.ghsindex.org/#:~:text=The%20average%20overall%20GHS%20Index,and%20pandemics%20remains%20very%20weak."
"https://www.ghsindex.org/#:~:text=The%20average%20overall%20GHS%20Index,and%20pandemics%20remains%20very%20weak.","128","Togo","https://www.ghsindex.org/country/togo","32.5","Chart / Circle Copy 32","Africa","1-10m","Low income","https://www.ghsindex.org/#:~:text=The%20average%20overall%20GHS%20Index,and%20pandemics%20remains%20very%20weak."
"https://www.ghsindex.org/#:~:text=The%20average%20overall%20GHS%20Index,and%20pandemics%20remains%20very%20weak.","130","Afghanistan","https://www.ghsindex.org/country/afghanistan","32.3","Chart / Circle Copy 32","Southern Asia","10-50m","Low income","https://www.ghsindex.org/#:~:text=The%20average%20overall%20GHS%20Index,and%20pandemics%20remains%20very%20weak."
"https://www.ghsindex.org/#:~:text=The%20average%20overall%20GHS%20Index,and%20pandemics%20remains%20very%20weak.","130","Tajikistan","https://www.ghsindex.org/country/tajikistan","32.3","Chart / Circle Copy 32","Central Asia","1-10m","Low income","https://www.ghsindex.org/#:~:text=The%20average%20overall%20GHS%20Index,and%20pandemics%20remains%20very%20weak."
"https://www.ghsindex.org/#:~:text=The%20average%20overall%20GHS%20Index,and%20pandemics%20remains%20very%20weak.","132","Niger","https://www.ghsindex.org/country/niger","32.2","Chart / Circle Copy 32","Africa","10-50m","Low income","https://www.ghsindex.org/#:~:text=The%20average%20overall%20GHS%20Index,and%20pandemics%20remains%20very%20weak."
"https://www.ghsindex.org/#:~:text=The%20average%20overall%20GHS%20Index,and%20pandemics%20remains%20very%20weak.","133","Barbados","https://www.ghsindex.org/country/barbados","31.9","Chart / Circle Copy 32","Latin America and the Caribbean","<1m","High income","https://www.ghsindex.org/#:~:text=The%20average%20overall%20GHS%20Index,and%20pandemics%20remains%20very%20weak."
"https://www.ghsindex.org/#:~:text=The%20average%20overall%20GHS%20Index,and%20pandemics%20remains%20very%20weak.","133","Seychelles","https://www.ghsindex.org/country/seychelles","31.9","Chart / Circle Copy 32","Africa","<1m","High income","https://www.ghsindex.org/#:~:text=The%20average%20overall%20GHS%20Index,and%20pandemics%20remains%20very%20weak."
"https://www.ghsindex.org/#:~:text=The%20average%20overall%20GHS%20Index,and%20pandemics%20remains%20very%20weak.","135","Belize","https://www.ghsindex.org/country/belize","31.8","Chart / Circle Copy 32","Latin America and the Caribbean","<1m","Upper middle income","https://www.ghsindex.org/#:~:text=The%20average%20overall%20GHS%20Index,and%20pandemics%20remains%20very%20weak."
"https://www.ghsindex.org/#:~:text=The%20average%20overall%20GHS%20Index,and%20pandemics%20remains%20very%20weak.","135","Turkmenistan","https://www.ghsindex.org/country/turkmenistan","31.8","Chart / Circle Copy 32","Central Asia","1-10m","Upper middle income","https://www.ghsindex.org/#:~:text=The%20average%20overall%20GHS%20Index,and%20pandemics%20remains%20very%20weak."
"https://www.ghsindex.org/#:~:text=The%20average%20overall%20GHS%20Index,and%20pandemics%20remains%20very%20weak.","137","Guyana","https://www.ghsindex.org/country/guyana","31.7","Chart / Circle Copy 32","Latin America and the Caribbean","<1m","Upper middle income","https://www.ghsindex.org/#:~:text=The%20average%20overall%20GHS%20Index,and%20pandemics%20remains%20very%20weak."
"https://www.ghsindex.org/#:~:text=The%20average%20overall%20GHS%20Index,and%20pandemics%20remains%20very%20weak.","138","Haiti","https://www.ghsindex.org/country/haiti","31.5","Chart / Circle Copy 32","Latin America and the Caribbean","10-50m","Low income","https://www.ghsindex.org/#:~:text=The%20average%20overall%20GHS%20Index,and%20pandemics%20remains%20very%20weak."
"https://www.ghsindex.org/#:~:text=The%20average%20overall%20GHS%20Index,and%20pandemics%20remains%20very%20weak.","139","Botswana","https://www.ghsindex.org/country/botswana","31.1","Chart / Circle Copy 32","Africa","1-10m","Upper middle income","https://www.ghsindex.org/#:~:text=The%20average%20overall%20GHS%20Index,and%20pandemics%20remains%20very%20weak."
"https://www.ghsindex.org/#:~:text=The%20average%20overall%20GHS%20Index,and%20pandemics%20remains%20very%20weak.","139","Eswatini (Swaziland)","https://www.ghsindex.org/country/swaziland","31.1","Chart / Circle Copy 32","Africa","1-10m","Lower middle income","https://www.ghsindex.org/#:~:text=The%20average%20overall%20GHS%20Index,and%20pandemics%20remains%20very%20weak."
"https://www.ghsindex.org/#:~:text=The%20average%20overall%20GHS%20Index,and%20pandemics%20remains%20very%20weak.","139","San Marino","https://www.ghsindex.org/country/san-marino","31.1","Chart / Circle Copy 32","Europe","<1m","High income","https://www.ghsindex.org/#:~:text=The%20average%20overall%20GHS%20Index,and%20pandemics%20remains%20very%20weak."
"https://www.ghsindex.org/#:~:text=The%20average%20overall%20GHS%20Index,and%20pandemics%20remains%20very%20weak.","142","Bahamas","https://www.ghsindex.org/country/bahamas","30.6","Chart / Circle Copy 32","Latin America and the Caribbean","<1m","High income","https://www.ghsindex.org/#:~:text=The%20average%20overall%20GHS%20Index,and%20pandemics%20remains%20very%20weak."
"https://www.ghsindex.org/#:~:text=The%20average%20overall%20GHS%20Index,and%20pandemics%20remains%20very%20weak.","143","Andorra","https://www.ghsindex.org/country/andorra","30.5","Chart / Circle Copy 32","Europe","<1m","High income","https://www.ghsindex.org/#:~:text=The%20average%20overall%20GHS%20Index,and%20pandemics%20remains%20very%20weak."
"https://www.ghsindex.org/#:~:text=The%20average%20overall%20GHS%20Index,and%20pandemics%20remains%20very%20weak.","144","Lesotho","https://www.ghsindex.org/country/lesotho","30.2","Chart / Circle Copy 32","Africa","1-10m","Lower middle income","https://www.ghsindex.org/#:~:text=The%20average%20overall%20GHS%20Index,and%20pandemics%20remains%20very%20weak."
"https://www.ghsindex.org/#:~:text=The%20average%20overall%20GHS%20Index,and%20pandemics%20remains%20very%20weak.","145","Burkina Faso","https://www.ghsindex.org/country/burkina-faso","30.1","Chart / Circle Copy 32","Africa","10-50m","Low income","https://www.ghsindex.org/#:~:text=The%20average%20overall%20GHS%20Index,and%20pandemics%20remains%20very%20weak."
"https://www.ghsindex.org/#:~:text=The%20average%20overall%20GHS%20Index,and%20pandemics%20remains%20very%20weak.","146","Cabo Verde","https://www.ghsindex.org/country/cabo-verde","29.3","Chart / Circle Copy 32","Africa","<1m","Lower middle income","https://www.ghsindex.org/#:~:text=The%20average%20overall%20GHS%20Index,and%20pandemics%20remains%20very%20weak."
"https://www.ghsindex.org/#:~:text=The%20average%20overall%20GHS%20Index,and%20pandemics%20remains%20very%20weak.","147","Antigua and Barbuda","https://www.ghsindex.org/country/antigua-and-barbuda","29.0","Chart / Circle Copy 32","Latin America and the Caribbean","<1m","High income","https://www.ghsindex.org/#:~:text=The%20average%20overall%20GHS%20Index,and%20pandemics%20remains%20very%20weak."
"https://www.ghsindex.org/#:~:text=The%20average%20overall%20GHS%20Index,and%20pandemics%20remains%20very%20weak.","147","Jamaica","https://www.ghsindex.org/country/jamaica","29.0","Chart / Circle Copy 32","Latin America and the Caribbean","1-10m","Upper middle income","https://www.ghsindex.org/#:~:text=The%20average%20overall%20GHS%20Index,and%20pandemics%20remains%20very%20weak."
"https://www.ghsindex.org/#:~:text=The%20average%20overall%20GHS%20Index,and%20pandemics%20remains%20very%20weak.","147","Mali","https://www.ghsindex.org/country/mali","29.0","Chart / Circle Copy 32","Africa","10-50m","Low income","https://www.ghsindex.org/#:~:text=The%20average%20overall%20GHS%20Index,and%20pandemics%20remains%20very%20weak."
"https://www.ghsindex.org/#:~:text=The%20average%20overall%20GHS%20Index,and%20pandemics%20remains%20very%20weak.","150","Benin","https://www.ghsindex.org/country/benin","28.8","Chart / Circle Copy 32","Africa","10-50m","Low income","https://www.ghsindex.org/#:~:text=The%20average%20overall%20GHS%20Index,and%20pandemics%20remains%20very%20weak."
"https://www.ghsindex.org/#:~:text=The%20average%20overall%20GHS%20Index,and%20pandemics%20remains%20very%20weak.","150","Chad","https://www.ghsindex.org/country/chad","28.8","Chart / Circle Copy 32","Africa","10-50m","Low income","https://www.ghsindex.org/#:~:text=The%20average%20overall%20GHS%20Index,and%20pandemics%20remains%20very%20weak."
"https://www.ghsindex.org/#:~:text=The%20average%20overall%20GHS%20Index,and%20pandemics%20remains%20very%20weak.","152","Zambia","https://www.ghsindex.org/country/zambia","28.7","Chart / Circle Copy 32","Africa","10-50m","Lower middle income","https://www.ghsindex.org/#:~:text=The%20average%20overall%20GHS%20Index,and%20pandemics%20remains%20very%20weak."
"https://www.ghsindex.org/#:~:text=The%20average%20overall%20GHS%20Index,and%20pandemics%20remains%20very%20weak.","153","Mozambique","https://www.ghsindex.org/country/mozambique","28.1","Chart / Circle Copy 32","Africa","10-50m","Low income","https://www.ghsindex.org/#:~:text=The%20average%20overall%20GHS%20Index,and%20pandemics%20remains%20very%20weak."
"https://www.ghsindex.org/#:~:text=The%20average%20overall%20GHS%20Index,and%20pandemics%20remains%20very%20weak.","154","Malawi","https://www.ghsindex.org/country/malawi","28.0","Chart / Circle Copy 32","Africa","10-50m","Low income","https://www.ghsindex.org/#:~:text=The%20average%20overall%20GHS%20Index,and%20pandemics%20remains%20very%20weak."
"https://www.ghsindex.org/#:~:text=The%20average%20overall%20GHS%20Index,and%20pandemics%20remains%20very%20weak.","155","Papua New Guinea","https://www.ghsindex.org/country/papua-new-guinea","27.8","Chart / Circle Copy 32","Oceania","1-10m","Lower middle income","https://www.ghsindex.org/#:~:text=The%20average%20overall%20GHS%20Index,and%20pandemics%20remains%20very%20weak."
"https://www.ghsindex.org/#:~:text=The%20average%20overall%20GHS%20Index,and%20pandemics%20remains%20very%20weak.","156","Honduras","https://www.ghsindex.org/country/honduras","27.6","Chart / Circle Copy 32","Latin America and the Caribbean","1-10m","Lower middle income","https://www.ghsindex.org/#:~:text=The%20average%20overall%20GHS%20Index,and%20pandemics%20remains%20very%20weak."
"https://www.ghsindex.org/#:~:text=The%20average%20overall%20GHS%20Index,and%20pandemics%20remains%20very%20weak.","157","Grenada","https://www.ghsindex.org/country/grenada","27.5","Chart / Circle Copy 32","Latin America and the Caribbean","<1m","Upper middle income","https://www.ghsindex.org/#:~:text=The%20average%20overall%20GHS%20Index,and%20pandemics%20remains%20very%20weak."
"https://www.ghsindex.org/#:~:text=The%20average%20overall%20GHS%20Index,and%20pandemics%20remains%20very%20weak.","157","Mauritania","https://www.ghsindex.org/country/mauritania","27.5","Chart / Circle Copy 32","Africa","1-10m","Lower middle income","https://www.ghsindex.org/#:~:text=The%20average%20overall%20GHS%20Index,and%20pandemics%20remains%20very%20weak."
"https://www.ghsindex.org/#:~:text=The%20average%20overall%20GHS%20Index,and%20pandemics%20remains%20very%20weak.","159","Central African Republic","https://www.ghsindex.org/country/central-african-republic","27.3","Chart / Circle Copy 32","Africa","1-10m","Low income","https://www.ghsindex.org/#:~:text=The%20average%20overall%20GHS%20Index,and%20pandemics%20remains%20very%20weak."
"https://www.ghsindex.org/#:~:text=The%20average%20overall%20GHS%20Index,and%20pandemics%20remains%20very%20weak.","160","Comoros","https://www.ghsindex.org/country/comoros","27.2","Chart / Circle Copy 32","Africa","<1m","Low income","https://www.ghsindex.org/#:~:text=The%20average%20overall%20GHS%20Index,and%20pandemics%20remains%20very%20weak."
"https://www.ghsindex.org/#:~:text=The%20average%20overall%20GHS%20Index,and%20pandemics%20remains%20very%20weak.","161","Congo Democratic Republic","https://www.ghsindex.org/country/congo-democratic-republic","26.5","Chart / Circle Copy 32","Africa","50-100m","Low income","https://www.ghsindex.org/#:~:text=The%20average%20overall%20GHS%20Index,and%20pandemics%20remains%20very%20weak."
"https://www.ghsindex.org/#:~:text=The%20average%20overall%20GHS%20Index,and%20pandemics%20remains%20very%20weak.","162","Samoa","https://www.ghsindex.org/country/samoa","26.4","Chart / Circle Copy 32","Oceania","<1m","Upper middle income","https://www.ghsindex.org/#:~:text=The%20average%20overall%20GHS%20Index,and%20pandemics%20remains%20very%20weak."
"https://www.ghsindex.org/#:~:text=The%20average%20overall%20GHS%20Index,and%20pandemics%20remains%20very%20weak.","163","St Kitts and Nevis","https://www.ghsindex.org/country/st-kitts-and-nevis","26.2","Chart / Circle Copy 32","Latin America and the Caribbean","<1m","High income","https://www.ghsindex.org/#:~:text=The%20average%20overall%20GHS%20Index,and%20pandemics%20remains%20very%20weak."
"https://www.ghsindex.org/#:~:text=The%20average%20overall%20GHS%20Index,and%20pandemics%20remains%20very%20weak.","163","Sudan","https://www.ghsindex.org/country/sudan","26.2","Chart / Circle Copy 32","Africa","10-50m","Lower middle income","https://www.ghsindex.org/#:~:text=The%20average%20overall%20GHS%20Index,and%20pandemics%20remains%20very%20weak."
"https://www.ghsindex.org/#:~:text=The%20average%20overall%20GHS%20Index,and%20pandemics%20remains%20very%20weak.","165","Vanuatu","https://www.ghsindex.org/country/vanuatu","26.1","Chart / Circle Copy 32","Oceania","<1m","Lower middle income","https://www.ghsindex.org/#:~:text=The%20average%20overall%20GHS%20Index,and%20pandemics%20remains%20very%20weak."
"https://www.ghsindex.org/#:~:text=The%20average%20overall%20GHS%20Index,and%20pandemics%20remains%20very%20weak.","166","Timor Leste","https://www.ghsindex.org/country/timor-leste","26.0","Chart / Circle Copy 32","Southeastern Asia","1-10m","Lower middle income","https://www.ghsindex.org/#:~:text=The%20average%20overall%20GHS%20Index,and%20pandemics%20remains%20very%20weak."
"https://www.ghsindex.org/#:~:text=The%20average%20overall%20GHS%20Index,and%20pandemics%20remains%20very%20weak.","167","Iraq","https://www.ghsindex.org/country/iraq","25.8","Chart / Circle Copy 32","Western Asia","10-50m","Upper middle income","https://www.ghsindex.org/#:~:text=The%20average%20overall%20GHS%20Index,and%20pandemics%20remains%20very%20weak."
"https://www.ghsindex.org/#:~:text=The%20average%20overall%20GHS%20Index,and%20pandemics%20remains%20very%20weak.","168","Fiji","https://www.ghsindex.org/country/fiji","25.7","Chart / Circle Copy 32","Oceania","<1m","Upper middle income","https://www.ghsindex.org/#:~:text=The%20average%20overall%20GHS%20Index,and%20pandemics%20remains%20very%20weak."
"https://www.ghsindex.org/#:~:text=The%20average%20overall%20GHS%20Index,and%20pandemics%20remains%20very%20weak.","168","Libya","https://www.ghsindex.org/country/libya","25.7","Chart / Circle Copy 32","Africa","1-10m","Upper middle income","https://www.ghsindex.org/#:~:text=The%20average%20overall%20GHS%20Index,and%20pandemics%20remains%20very%20weak."
"https://www.ghsindex.org/#:~:text=The%20average%20overall%20GHS%20Index,and%20pandemics%20remains%20very%20weak.","170","Angola","https://www.ghsindex.org/country/angola","25.2","Chart / Circle Copy 32","Africa","10-50m","Lower middle income","https://www.ghsindex.org/#:~:text=The%20average%20overall%20GHS%20Index,and%20pandemics%20remains%20very%20weak."
"https://www.ghsindex.org/#:~:text=The%20average%20overall%20GHS%20Index,and%20pandemics%20remains%20very%20weak.","171","Tonga","https://www.ghsindex.org/country/tonga","25.1","Chart / Circle Copy 32","Oceania","<1m","Upper middle income","https://www.ghsindex.org/#:~:text=The%20average%20overall%20GHS%20Index,and%20pandemics%20remains%20very%20weak."
"https://www.ghsindex.org/#:~:text=The%20average%20overall%20GHS%20Index,and%20pandemics%20remains%20very%20weak.","172","Dominica","https://www.ghsindex.org/country/dominica","24.0","Chart / Circle Copy 32","Latin America and the Caribbean","<1m","Upper middle income","https://www.ghsindex.org/#:~:text=The%20average%20overall%20GHS%20Index,and%20pandemics%20remains%20very%20weak."
"https://www.ghsindex.org/#:~:text=The%20average%20overall%20GHS%20Index,and%20pandemics%20remains%20very%20weak.","173","Algeria","https://www.ghsindex.org/country/algeria","23.6","Chart / Circle Copy 32","Africa","10-50m","Upper middle income","https://www.ghsindex.org/#:~:text=The%20average%20overall%20GHS%20Index,and%20pandemics%20remains%20very%20weak."
"https://www.ghsindex.org/#:~:text=The%20average%20overall%20GHS%20Index,and%20pandemics%20remains%20very%20weak.","173","Congo Brazzaville","https://www.ghsindex.org/country/congo-brazzaville","23.6","Chart / Circle Copy 32","Africa","1-10m","Lower middle income","https://www.ghsindex.org/#:~:text=The%20average%20overall%20GHS%20Index,and%20pandemics%20remains%20very%20weak."
"https://www.ghsindex.org/#:~:text=The%20average%20overall%20GHS%20Index,and%20pandemics%20remains%20very%20weak.","175","Djibouti","https://www.ghsindex.org/country/djibouti","23.2","Chart / Circle Copy 32","Africa","<1m","Lower middle income","https://www.ghsindex.org/#:~:text=The%20average%20overall%20GHS%20Index,and%20pandemics%20remains%20very%20weak."
"https://www.ghsindex.org/#:~:text=The%20average%20overall%20GHS%20Index,and%20pandemics%20remains%20very%20weak.","176","Venezuela","https://www.ghsindex.org/country/venezuela","23.0","Chart / Circle Copy 32","Latin America and the Caribbean","10-50m","Upper middle income","https://www.ghsindex.org/#:~:text=The%20average%20overall%20GHS%20Index,and%20pandemics%20remains%20very%20weak."
"https://www.ghsindex.org/#:~:text=The%20average%20overall%20GHS%20Index,and%20pandemics%20remains%20very%20weak.","177","Burundi","https://www.ghsindex.org/country/burundi","22.8","Chart / Circle Copy 32","Africa","10-50m","Low income","https://www.ghsindex.org/#:~:text=The%20average%20overall%20GHS%20Index,and%20pandemics%20remains%20very%20weak."
"https://www.ghsindex.org/#:~:text=The%20average%20overall%20GHS%20Index,and%20pandemics%20remains%20very%20weak.","178","Eritrea","https://www.ghsindex.org/country/eritrea","22.4","Chart / Circle Copy 32","Africa","1-10m","Low income","https://www.ghsindex.org/#:~:text=The%20average%20overall%20GHS%20Index,and%20pandemics%20remains%20very%20weak."
"https://www.ghsindex.org/#:~:text=The%20average%20overall%20GHS%20Index,and%20pandemics%20remains%20very%20weak.","179","Palau","https://www.ghsindex.org/country/palau","21.9","Chart / Circle Copy 32","Oceania","<1m","High income","https://www.ghsindex.org/#:~:text=The%20average%20overall%20GHS%20Index,and%20pandemics%20remains%20very%20weak."
"https://www.ghsindex.org/#:~:text=The%20average%20overall%20GHS%20Index,and%20pandemics%20remains%20very%20weak.","180","South Sudan","https://www.ghsindex.org/country/south-sudan","21.7","Chart / Circle Copy 32","Africa","10-50m","Low income","https://www.ghsindex.org/#:~:text=The%20average%20overall%20GHS%20Index,and%20pandemics%20remains%20very%20weak."
"https://www.ghsindex.org/#:~:text=The%20average%20overall%20GHS%20Index,and%20pandemics%20remains%20very%20weak.","181","Tuvalu","https://www.ghsindex.org/country/tuvalu","21.6","Chart / Circle Copy 32","Oceania","<1m","Upper middle income","https://www.ghsindex.org/#:~:text=The%20average%20overall%20GHS%20Index,and%20pandemics%20remains%20very%20weak."
"https://www.ghsindex.org/#:~:text=The%20average%20overall%20GHS%20Index,and%20pandemics%20remains%20very%20weak.","182","Nauru","https://www.ghsindex.org/country/nauru","20.8","Chart / Circle Copy 32","Oceania","<1m","Upper middle income","https://www.ghsindex.org/#:~:text=The%20average%20overall%20GHS%20Index,and%20pandemics%20remains%20very%20weak."
"https://www.ghsindex.org/#:~:text=The%20average%20overall%20GHS%20Index,and%20pandemics%20remains%20very%20weak.","183","Solomon Islands","https://www.ghsindex.org/country/solomon-islands","20.7","Chart / Circle Copy 32","Oceania","<1m","Lower middle income","https://www.ghsindex.org/#:~:text=The%20average%20overall%20GHS%20Index,and%20pandemics%20remains%20very%20weak."
"https://www.ghsindex.org/#:~:text=The%20average%20overall%20GHS%20Index,and%20pandemics%20remains%20very%20weak.","184","Niue","https://www.ghsindex.org/country/niue","20.5","Chart / Circle Copy 32","Oceania","<1m","Upper middle income","https://www.ghsindex.org/#:~:text=The%20average%20overall%20GHS%20Index,and%20pandemics%20remains%20very%20weak."
"https://www.ghsindex.org/#:~:text=The%20average%20overall%20GHS%20Index,and%20pandemics%20remains%20very%20weak.","185","Cook Islands","https://www.ghsindex.org/country/cook-islands","20.4","Chart / Circle Copy 32","Oceania","<1m","High income","https://www.ghsindex.org/#:~:text=The%20average%20overall%20GHS%20Index,and%20pandemics%20remains%20very%20weak."
"https://www.ghsindex.org/#:~:text=The%20average%20overall%20GHS%20Index,and%20pandemics%20remains%20very%20weak.","186","Gabon","https://www.ghsindex.org/country/gabon","20.0","Chart / Circle Copy 32","Africa","1-10m","Upper middle income","https://www.ghsindex.org/#:~:text=The%20average%20overall%20GHS%20Index,and%20pandemics%20remains%20very%20weak."
"https://www.ghsindex.org/#:~:text=The%20average%20overall%20GHS%20Index,and%20pandemics%20remains%20very%20weak.","186","Guinea Bissau","https://www.ghsindex.org/country/guinea-bissau","20.0","Chart / Circle Copy 32","Africa","1-10m","Low income","https://www.ghsindex.org/#:~:text=The%20average%20overall%20GHS%20Index,and%20pandemics%20remains%20very%20weak."
"https://www.ghsindex.org/#:~:text=The%20average%20overall%20GHS%20Index,and%20pandemics%20remains%20very%20weak.","188","Syria","https://www.ghsindex.org/country/syria","19.9","Chart / Circle Copy 32","Western Asia","10-50m","Low income","https://www.ghsindex.org/#:~:text=The%20average%20overall%20GHS%20Index,and%20pandemics%20remains%20very%20weak."
"https://www.ghsindex.org/#:~:text=The%20average%20overall%20GHS%20Index,and%20pandemics%20remains%20very%20weak.","189","Kiribati","https://www.ghsindex.org/country/kiribati","19.2","Chart / Circle Copy 32","Oceania","<1m","Lower middle income","https://www.ghsindex.org/#:~:text=The%20average%20overall%20GHS%20Index,and%20pandemics%20remains%20very%20weak."
"https://www.ghsindex.org/#:~:text=The%20average%20overall%20GHS%20Index,and%20pandemics%20remains%20very%20weak.","190","Yemen","https://www.ghsindex.org/country/yemen","18.5","Chart / Circle Copy 32","Western Asia","10-50m","Low income","https://www.ghsindex.org/#:~:text=The%20average%20overall%20GHS%20Index,and%20pandemics%20remains%20very%20weak."
"https://www.ghsindex.org/#:~:text=The%20average%20overall%20GHS%20Index,and%20pandemics%20remains%20very%20weak.","191","Marshall Islands","https://www.ghsindex.org/country/marshall-islands","18.2","Chart / Circle Copy 32","Oceania","<1m","Upper middle income","https://www.ghsindex.org/#:~:text=The%20average%20overall%20GHS%20Index,and%20pandemics%20remains%20very%20weak."
"https://www.ghsindex.org/#:~:text=The%20average%20overall%20GHS%20Index,and%20pandemics%20remains%20very%20weak.","192","São Tomé and Príncipe","https://www.ghsindex.org/country/sao-tome-and-principe","17.7","Chart / Circle Copy 32","Africa","<1m","Lower middle income","https://www.ghsindex.org/#:~:text=The%20average%20overall%20GHS%20Index,and%20pandemics%20remains%20very%20weak."
"https://www.ghsindex.org/#:~:text=The%20average%20overall%20GHS%20Index,and%20pandemics%20remains%20very%20weak.","193","North Korea","https://www.ghsindex.org/country/north-korea","17.5","Chart / Circle Copy 32","Eastern Asia","10-50m","Low income","https://www.ghsindex.org/#:~:text=The%20average%20overall%20GHS%20Index,and%20pandemics%20remains%20very%20weak."
"https://www.ghsindex.org/#:~:text=The%20average%20overall%20GHS%20Index,and%20pandemics%20remains%20very%20weak.","194","Somalia","https://www.ghsindex.org/country/somalia","16.6","Chart / Circle Copy 32","Africa","10-50m","Low income","https://www.ghsindex.org/#:~:text=The%20average%20overall%20GHS%20Index,and%20pandemics%20remains%20very%20weak."
"https://www.ghsindex.org/#:~:text=The%20average%20overall%20GHS%20Index,and%20pandemics%20remains%20very%20weak.","195","Equatorial Guinea","https://www.ghsindex.org/country/equatorial-guinea","16.2","Chart / Circle Copy 32","Africa","1-10m","Upper middle income","https://www.ghsindex.org/#:~:text=The%20average%20overall%20GHS%20Index,and%20pandemics%20remains%20very%20weak."
